{"count":1,"self":69.183916799999992,"total":69.6183549,"children":{"InitializeActuators":{"count":2,"self":0.0030006,"total":0.0030006,"children":null},"InitializeSensors":{"count":2,"self":0.0010000999999999999,"total":0.0010000999999999999,"children":null},"AgentSendState":{"count":3259,"self":0.038428,"total":0.0570267,"children":{"CollectObservations":{"count":743,"self":0.0090745,"total":0.0090745,"children":null},"WriteActionMask":{"count":629,"self":0.00050309999999999992,"total":0.00050309999999999992,"children":null},"RequestDecision":{"count":629,"self":0.0090210999999999989,"total":0.0090210999999999989,"children":null}}},"DecideAction":{"count":3145,"self":0.34959389999999996,"total":0.34959389999999996,"children":null},"AgentAct":{"count":3145,"self":0.0238168,"total":0.0238168,"children":null}},"gauges":{},"metadata":{"timer_format_version":"0.1.0","start_time_seconds":"1675813800","unity_version":"2021.3.12f1","command_line_arguments":"C:\\Program Files\\Unity\\Hub\\Editor\\2021.3.12f1\\Editor\\Unity.exe -projectpath C:\\Users\\weiao\\2D shooter -useHub -hubIPC -cloudEnvironment production -licensingIpc LicenseClient-weiao -hubSessionId dc5cd270-a701-11ed-bd9c-337a823bc024","communication_protocol_version":"1.5.0","com.unity.ml-agents_version":"2.1.0-exp.1","scene_name":"SampleScene","end_time_seconds":"1675813869"}}